{
	"id": "ad0b0271-6301-486a-a2c9-c5abe6a45553",
	"name": "Public Collection",
	"values": [
		{
			"key": "env_version",
			"value": "1.0",
			"type": "default",
			"enabled": true
		},
		{
			"key": "AuthBaseUrl",
			"value": "<url string>",
			"type": "text",
			"enabled": true
		},
		{
			"key": "BaseUrl",
			"value": "<url string>",
			"type": "text",
			"enabled": true
		},
		{
			"key": "AdminClientId",
			"value": "<string>",
			"type": "text",
			"enabled": true
		},
		{
			"key": "AdminClientSecret",
			"value": "<string>",
			"type": "text",
			"enabled": true
		},
		{
			"key": "company_id",
			"value": "<integer>",
			"type": "text",
			"enabled": true
		},
		{
			"key": "external_type",
			"value": "file_number",
			"type": "text",
			"enabled": true
		},
		{
			"key": "external_value",
			"value": "1234",
			"type": "text",
			"enabled": true
		},
		{
			"key": "external_system",
			"value": "other_los",
			"type": "text",
			"enabled": true
		},
		{
			"key": "filename",
			"value": "<string>",
			"enabled": true
		}
	],
	"_postman_variable_scope": "environment",
	"_postman_exported_at": "2022-02-03T01:34:28.081Z",
	"_postman_exported_using": "Postman/9.9.3"
}