{
	"id": "ad0b0271-6301-486a-a2c9-c5abe6a45553",
	"name": "Public Collection",
	"values": [
		{
			"key": "AuthBaseUrl",
			"value": "<url string>",
			"type": "text",
			"enabled": true
		},
		{
			"key": "BaseUrl",
			"value": "<url string>",
			"type": "text",
			"enabled": true
		},
		{
			"key": "AdminClientId",
			"value": "<string>",
			"type": "text",
			"enabled": true
		},
		{
			"key": "AdminClientSecret",
			"value": "<string>",
			"type": "text",
			"enabled": true
		},
		{
			"key": "company_id",
			"value": "<integer>",
			"type": "text",
			"enabled": true
		},
		{
			"key": "external_type",
			"value": "<string>",
			"type": "text",
			"enabled": true
		},
		{
			"key": "external_value",
			"value": "<string>",
			"type": "text",
			"enabled": true
		},
		{
			"key": "filename",
			"value": "<string>",
			"enabled": true
		},
		{
			"key": "external_system",
			"value": "<string>",
			"type": "text",
			"enabled": true
		},
		{
			"key": "appointment_earliest_at",
			"value": "",
			"type": "any",
			"enabled": true
		},
		{
			"key": "appointment_latest_at",
			"value": "",
			"type": "any",
			"enabled": true
		},
		{
			"key": "appointment_date",
			"value": "",
			"type": "any",
			"enabled": true
		},
		{
			"key": "AdminApiToken",
			"value": "",
			"type": "any",
			"enabled": true
		},
		{
			"key": "ClientID",
			"value": "",
			"type": "any",
			"enabled": true
		},
		{
			"key": "ClientSecret",
			"value": "",
			"type": "any",
			"enabled": true
		},
		{
			"key": "app_id",
			"value": "",
			"type": "any",
			"enabled": true
		},
		{
			"key": "ApiToken",
			"value": "",
			"type": "any",
			"enabled": true
		},
		{
			"key": "ClosingUUID",
			"value": "",
			"type": "any",
			"enabled": true
		}
	],
	"_postman_variable_scope": "environment",
	"_postman_exported_at": "2022-01-28T16:52:53.152Z",
	"_postman_exported_using": "Postman/9.9.3"
}