{
	"id": "4a990b4b-13b9-4f52-8040-6965f431227f",
	"name": "Public Collection",
	"values": [
		{
			"key": "env_version",
			"value": "1.0",
			"type": "default",
			"enabled": true
		},
		{
			"key": "AuthBaseUrl",
			"value": "https://login.demo-eks.snpd.io",
			"type": "text",
			"enabled": true
		},
		{
			"key": "BaseUrl",
			"value": "https://api.cs-demo0.snpd.io",
			"type": "text",
			"enabled": true
		},
		{
			"key": "ClientId",
			"value": "",
			"type": "text",
			"enabled": true
		},
		{
			"key": "ClientSecret",
			"value": "",
			"type": "text",
			"enabled": true
		},
		{
			"key": "audience",
			"value": "https://api.*.snpd.io",
			"type": "default",
			"enabled": true
		},
		{
			"key": "company_id",
			"value": "<integer>",
			"type": "text",
			"enabled": true
		},
		{
			"key": "external_type",
			"value": "file_number",
			"type": "text",
			"enabled": true
		},
		{
			"key": "external_value",
			"value": "1234",
			"type": "text",
			"enabled": true
		},
		{
			"key": "external_system",
			"value": "other_los",
			"type": "text",
			"enabled": true
		},
		{
			"key": "filename",
			"value": "",
			"enabled": true
		},
		{
			"key": "appointment_earliest_at",
			"value": "",
			"type": "default",
			"enabled": true
		},
		{
			"key": "appointment_latest_at",
			"value": "",
			"type": "default",
			"enabled": true
		},
		{
			"key": "appointment_date",
			"value": "",
			"type": "default",
			"enabled": true
		},
		{
			"key": "ClosingUUID",
			"value": "",
			"type": "default",
			"enabled": true
		},
		{
			"key": "ApiToken",
			"value": "",
			"type": "any",
			"enabled": true
		}
	],
	"_postman_variable_scope": "environment",
	"_postman_exported_at": "2022-09-22T13:49:58.529Z",
	"_postman_exported_using": "Postman/9.31.9"
}