{
	"id": "c1ecc59a-539f-4d52-a5c7-21d537d75d31",
	"name": "Public Collection",
	"values": [
		{
			"key": "env_version",
			"value": "1.0",
			"type": "default",
			"enabled": true
		},
		{
			"key": "AuthBaseUrl",
			"value": "<url string>",
			"type": "text",
			"enabled": true
		},
		{
			"key": "BaseUrl",
			"value": "<url string>",
			"type": "text",
			"enabled": true
		},
		{
			"key": "ClientId",
			"value": "<string>",
			"type": "text",
			"enabled": true
		},
		{
			"key": "ClientSecret",
			"value": "<string>",
			"type": "text",
			"enabled": true
		},
		{
			"key": "audience",
			"value": "<url string>",
			"type": "default",
			"enabled": true
		},
		{
			"key": "company_id",
			"value": "<integer>",
			"type": "text",
			"enabled": true
		},
		{
			"key": "external_type",
			"value": "file_number",
			"type": "text",
			"enabled": true
		},
		{
			"key": "external_value",
			"value": "1234",
			"type": "text",
			"enabled": true
		},
		{
			"key": "external_system",
			"value": "other_los",
			"type": "text",
			"enabled": true
		},
		{
			"key": "filename",
			"value": "<string>",
			"enabled": true
		}
	],
	"_postman_variable_scope": "environment",
	"_postman_exported_at": "2022-09-22T13:14:37.824Z",
	"_postman_exported_using": "Postman/9.31.9"
}